"","BTM:CCR1..7.and.cell.signaling..M59.","BTM:cell.adhesion..M51.","BTM:cell.cycle..mitotic.phase..M230.","BTM:combine( TBA..M137. TBA..M180. )","BTM:enriched.in.D..interacting.proteins..M182.","BTM:enriched.in.myeloid.cells.and.monocytes..M81.","BTM:extracellular.matrix..collagen..M210.","BTM:extracellular.matrix..II...M2.1.","BTM:growth.factor.induced..enriched.in.nuclear.receptor.subfamily.4..M94.","BTM:immuregulation...monocytes..T.and.B.cells..M57.","BTM:integrin.mediated.leukocyte.migration..M39.","BTM:mitosis..TF.motif.CCAATNNSNNNGCG...M169.","BTM:platelet.activation...actin.binding..M196.","BTM:platelet.activation..I...M32.0.","BTM:proinflammatory.cytokines.and.chemokines..M29.","BTM:putative.targets.of.PAX3..M89.0.","BTM:RA..WNT..CSF.receptors.network..monocyte...M23.","BTM:regulation.of.localization..GO...M63.","BTM:TBA..M121.","BTM:TBA..M148.","BTM:TBA..M186.","BTM:TBA..M211.","BTM:TBA..M79.","BTM:TBA..source..B.cells...M217.","BTM:translation.initiation.factor.3.complex..M245.","Colesterolo","Creatina.Chinasi..CK.","GOT.AST.","Proteine.Totali","seg10BTVPCRcopiesper1ml_new"
"SMC-56",1.29330579961007e-05,6.96392141663615e-06,9.84811086610637e-05,0.000146189646851758,4.44360458280446e-05,2.31732714608412e-05,6.04297925514974e-05,5.07350461067535e-05,7.16291472580011e-06,0.000152612504799254,3.35760138676644e-05,0.000104450400391309,3.97941448904149e-06,9.39911703785601e-05,7.46143594132498e-06,3.97942438623566e-06,1.64149270336367e-05,6.80450551717726e-05,0.000404632168357733,3.79841867648167e-05,7.90848316547521e-05,0.000105621320888982,5.96911134120859e-06,2.98456235126032e-06,0.000728582078986628,99,72,100,7.3,0
"SMC-55",2.05408572100385e-05,4.79290095145579e-06,0.000101051291722332,0.000151957065897657,4.47329929322837e-05,2.31991531629561e-05,5.44278933007902e-05,4.0567158896998e-05,1.64329895557813e-06,7.04235123487607e-05,1.43788224018504e-05,9.21383381575769e-05,6.39058471252341e-06,5.38116627486485e-05,0,2.73883309276357e-06,1.84867795078869e-05,2.38276468476073e-05,0.000257583637058634,4.48146401343941e-05,6.16200235263875e-05,6.57227524323289e-05,2.05412411635741e-06,2.05412411635741e-06,0.000858978654956877,96,129,145,8,0
"SMC-54",1.46551619228941e-05,7.99367966530795e-06,7.11362411662808e-05,0.000127858349463716,3.81914149334417e-05,2.58604966378861e-05,5.49476392583959e-05,2.74777701487761e-05,1.27897477424366e-05,3.99682720884087e-05,1.69866709611721e-05,8.4500445509228e-05,3.55278359487343e-06,6.31377002882072e-05,1.39889467363208e-05,1.33229503140875e-06,1.99839648808986e-05,4.15656362653394e-05,0.000211688651521769,3.70604163453248e-05,6.79435591677269e-05,6.07443389397666e-05,6.99452877994666e-06,1.99844321269183e-06,0.000941970876262577,89,146,105,7.2,0
"SMC-53",1.14051799031678e-05,1.24417022129286e-05,0.000109477290154869,0.000166484471489259,4.56192254578713e-05,4.4275186686038e-05,3.03248556028368e-05,4.85986033604835e-05,2.48840868133371e-06,8.79775557949269e-05,1.78853525589773e-05,0.000101306606929752,7.60347321637767e-06,5.03824929312113e-05,1.71077992838775e-05,5.18417883998978e-06,1.39971278270146e-05,3.7325162776769e-05,0.00026263727533582,4.01507750882324e-05,4.97665541325798e-05,6.84187889963273e-05,4.66574233159989e-06,3.11050214385489e-06,0.00080695448243584,67,59,113,5.3,0
"SMC-52",1.09880240639626e-05,9.41822819888749e-06,0.000111122784758333,0.000137385760580644,4.81368360882861e-05,1.55120544320653e-05,3.88466916059205e-05,5.00327429668879e-05,5.65101941263357e-06,9.68598687711708e-05,2.35458661732579e-05,9.95622555399756e-05,2.0929631441291e-06,8.56865513425564e-05,9.41834646872586e-06,4.70918062633885e-06,1.64816600494166e-05,4.52063086859855e-05,0.000480777308350389,3.93848020512344e-05,8.24055399666346e-05,9.32197369822862e-05,1.17729677362455e-06,0,0.00081764079976554,112,124,119,8.2,0
"SMC-51",1.75643328876873e-05,9.66023940707217e-06,9.69463763811351e-05,0.000134095320443617,4.56669002706356e-05,2.10759000198735e-05,5.0050761968734e-05,5.40082414650644e-05,8.43091680491348e-06,0.000106877181603293,2.3711683504013e-05,7.07578500482864e-05,2.34192037473768e-06,9.16669205479614e-05,5.26935632172432e-06,3.51290112932112e-06,1.71250097913411e-05,6.42825692416249e-05,0.00045121359318312,3.44890088448402e-05,7.37651585358545e-05,9.69368306644736e-05,1.18559380599681e-05,0,0.000864064536448161,117,91,128,7.9,0
"SMC-50",1.56224731060473e-05,1.04149579649437e-05,0.000106222559058011,0.000143408692895974,5.43890137327807e-05,2.02170881105079e-05,4.81624272219427e-05,5.07699623284452e-05,8.33197938776564e-06,0.000126448330284301,2.21318577100504e-05,8.85246366459924e-05,6.94329928396797e-06,8.53830186373639e-05,5.2075332177548e-06,3.47168579861723e-06,1.17168319488936e-05,4.16584653151197e-05,0.000345926554888631,3.97657661825868e-05,0.000114554235256525,8.64295152542827e-05,3.90565415053779e-06,0,0.000853057942182378,97,106,174,7.4,0
"SLC-36",7.0950416302118e-06,1.53722679017143e-05,0.000191523540038263,0.000200839123049468,6.30653787681013e-05,2.25360475112346e-05,4.43408534520628e-05,0.000108629032018692,4.25700383566152e-06,5.37173405419367e-05,5.409717308269e-05,0.000120604269864932,1.65547140167366e-05,0.00010462541639833,1.06425309835956e-05,4.73001377043758e-06,2.66056840967366e-05,4.11497827899066e-05,0.000514488150138659,8.44892599558555e-05,9.2224368114513e-05,0.000153910189736539,1.06424806463057e-05,5.32128279573385e-06,0.000555958232166809,21,122,121,6.1,0
"SLC-37",1.13431574533251e-05,1.37061150029538e-05,0.000150841907864185,0.000208730029501725,5.10426959676735e-05,3.06912497907152e-05,4.89116814652579e-05,0.000117310963879236,3.40293855094487e-06,7.61571277554385e-05,6.38023169072799e-05,0.000132464141711974,1.89049425542986e-05,8.44916498929926e-05,9.9252376415393e-06,9.45264908125409e-07,2.97750032980382e-05,3.74319059286421e-05,0.000520257362246701,7.01168425853993e-05,9.92433012521055e-05,0.000168951137815121,1.701460349679e-05,1.41789769725342e-06,0.000494534183966389,22,138,121,6.3,0
"SLC-38",1.54311350657466e-05,1.49488453591307e-05,0.000175305064574083,0.000217706994187328,4.37209084234169e-05,4.08448663538064e-05,3.03780864097103e-05,0.000161252984267612,6.94403991152726e-06,6.19973540394447e-05,5.35261756799965e-05,0.000109527179276592,2.12176735239211e-05,9.83515965120585e-05,1.15733289758335e-05,6.75115577397634e-06,2.67629871224528e-05,5.03420419015743e-05,0.000537257651702872,6.99631373333176e-05,0.000104147808301036,0.000181059309001919,1.22965728339697e-05,2.8933552649324e-06,0.000506013711276898,33,101,67,6.2,0
"SLC-39",1.1549559656876e-05,1.82125812087097e-05,0.000133779103094867,0.000222341858263198,6.33729943901873e-05,2.163536369304e-05,5.79608294171141e-05,8.72803178582071e-05,8.52888921420991e-06,6.0919107644386e-05,5.46368919325246e-05,0.000124119931617983,2.1321854293932e-05,8.766974677199e-05,1.33263077066736e-05,2.66529374437496e-06,1.99891090628679e-05,4.69077025218034e-05,0.000465126097062507,6.44469899881983e-05,8.92782614527743e-05,0.000187568622918022,7.99587768107735e-06,0,0.000575776981002862,20,114,191,5.8,0
"SLC-40",3.87831185428844e-05,2.08387822322464e-05,0.000128145568386584,0.000203541305737076,5.36416056919897e-05,5.12763200395394e-05,3.9504607543428e-05,9.33282914934441e-05,1.9449628614554e-05,7.19430669640087e-05,2.51809830806859e-05,0.000103199182035052,6.94648926402586e-06,0.000101381802309897,2.95219552957082e-05,2.89438800749053e-06,3.90723228158585e-05,4.72347664199901e-05,0.000409357721219639,4.16772900750928e-05,8.76955282913539e-05,9.65323193558021e-05,4.34157610507135e-06,1.73663421176862e-06,0.000632287449493285,25,103,90,6.3,0
"SLC-41",1.83427713811302e-05,1.52856911050936e-05,0.000124720921719002,0.00017726619487779,4.14411607867482e-05,2.26583014435455e-05,2.75132459313099e-05,7.64159346404725e-05,1.34514212526415e-05,0.000110047472081654,2.36930628603194e-05,0.000106557646665006,8.83182958055784e-06,7.9162417270684e-05,1.2228666901315e-05,7.13344795877369e-06,2.67494398846768e-05,4.15769093666807e-05,0.000608723184164051,4.66881109317807e-05,7.4897022044329e-05,0.00010330379154766,8.40729932849449e-06,6.11435681574513e-06,0.000699930355042122,23,106,106,6.2,0
"SLC-42",1.681255495245e-05,1.83403300861862e-05,0.000105450435569976,0.000155022342180233,5.70598096560904e-05,3.34426780979058e-05,6.30362108267057e-05,7.27811952516699e-05,1.8340698663355e-05,0.00014146854065844,2.40725681561749e-05,9.95610743290687e-05,1.1208310530586e-05,9.16791135017192e-05,4.58529450209078e-06,3.05686066526256e-06,3.32419483521917e-05,5.0436528303166e-05,0.000548195629609616,3.25119677662133e-05,0.000100867103835833,0.0001026854733297,1.26094843244662e-05,6.87792861264747e-06,0.000689437211679467,24,127,107,6.2,0
"SMI6-127",1.07043905250848e-05,2.79489023096158e-05,0.000116308467626558,0.000163131817645157,5.15384716184286e-05,3.52599927386787e-05,5.44045438815033e-05,6.11007862127977e-05,4.28175264510777e-06,0.000110089153945614,3.47883323323916e-05,0.000108058851920001,1.98222304628182e-05,5.77980485949592e-05,3.56813441881876e-06,1.18937672488606e-06,1.42723785352405e-05,3.35394537549494e-05,0.000897620866675553,8.0439259461329e-05,0.000107031278445469,0.000176897808392695,9.81217112649979e-06,5.35219367092665e-06,0.000590654019043457,57,86,126,5.9,1546600000
"SMI8-298",6.18466443214061e-06,2.04088832778115e-05,0.000155826172396623,0.000182785351429349,6.84424358197155e-05,1.83354355860477e-05,1.76254457813219e-05,4.7774780746801e-05,5.93727932374222e-06,8.05728243016279e-05,5.00947282648934e-05,0.000133051436446596,1.89658037075269e-05,5.52848679717943e-05,1.8553818882161e-05,2.47387587082315e-06,5.56621554559378e-06,4.00751908271602e-05,0.000602801891485205,8.43255868856474e-05,9.46152149201573e-05,0.000183222254376059,8.34930739701534e-06,1.85540632946513e-06,0.000672305549465735,83,154,95,7,0
"SMI8-297",6.83032261972194e-06,1.75019578796398e-05,0.000151605658000875,0.000203431895413386,5.46417208577843e-05,2.22984340918497e-05,2.94538158482904e-05,3.96993632005849e-05,2.04909844780943e-06,7.46415413228618e-05,5.44272491787012e-05,0.00012988895763888,9.67616164082585e-06,7.09368831790513e-05,1.40874955731896e-05,2.56137590293193e-06,1.21664244887576e-05,2.45888549399442e-05,0.000432367806935119,8.24218577175628e-05,0.000101162231416874,0.000177681053772805,3.84205975390017e-06,2.56138027654451e-06,0.0006334664735137,108,88,106,6.8,4712000
"SMI8-296",2.55192529996506e-06,2.42423078864462e-05,0.000150027991992596,0.000198658506442184,5.18882267050991e-05,2.16157043195775e-05,1.72248456067337e-05,7.51153830673701e-05,9.18684433792727e-06,8.85817773894626e-05,4.78461594348722e-05,0.000130142545070155,1.36099462844097e-05,6.58306608849468e-05,1.14835686098047e-05,3.8278806238079e-06,1.14835173272709e-05,3.29191288970243e-05,0.000451149137421725,7.86409543922506e-05,0.000110993000332238,0.000140050901557665,2.87090909423249e-06,5.74182643031662e-06,0.000531715080670736,124,139,96,7.1,0
"SMI8-294",5.89259565897393e-06,1.66952570628265e-05,0.000135509630734276,0.000208840595265603,5.89242167241544e-05,1.80238660194565e-05,2.79880381157671e-05,5.37665441651125e-05,1.41420101418266e-05,8.75411474039467e-05,5.45049876115034e-05,0.000121210427906027,9.16595085476146e-06,7.3647694325496e-05,8.83880234314738e-06,3.92839324780958e-06,1.47312417577705e-05,5.53880342109014e-05,0.000629327886652931,6.53481947452406e-05,0.000106054745232953,0.000154331589913514,7.36569791603969e-06,5.89259565897393e-06,0.0006633137100438,93,123,124,7,0
"SMI8-293",1.33956622347942e-05,1.17210369354748e-05,0.00016373806097647,0.000202244611163582,5.02328684908182e-05,2.65933910081895e-05,3.3904896109993e-05,6.34148521270195e-05,4.01869496924334e-06,6.88878333403586e-05,5.02318326724982e-05,0.000124143100449725,1.33954547627546e-05,5.87677392343e-05,1.00467929382564e-05,3.34892817566157e-06,1.63259289152062e-05,3.81765687178515e-05,0.000830392901872035,0.000100457806794019,8.79004911125136e-05,0.000182783408739562,1.25582609173946e-05,0,0.000545471910387896,139,111,83,7.7,124340000
"SMI8-292",2.52780852920687e-05,2.52777791198699e-05,0.000136488025928472,0.000201580855739403,4.49392127259696e-05,3.1968321865028e-05,2.21181066422105e-05,8.37288789918844e-05,5.05568840813986e-06,8.66628059676966e-05,6.16114661260436e-05,0.000110136639815073,1.12347025980064e-05,6.19261259668935e-05,2.21181266082393e-05,0,1.73785867114695e-05,4.55004705106621e-05,0.000629277669292438,6.66402223714613e-05,8.53057267140578e-05,0.000131414178691447,9.47943673224039e-06,0,0.000526364127090506,134,136,146,9.8,81420000
"SMI6-130",1.74167236823841e-05,1.48039282574786e-05,0.000106581809035555,0.000157674681456887,4.76053234459428e-05,2.64311417617069e-05,5.7468194429644e-05,8.6205624892699e-05,4.18004280389184e-06,8.65835700309958e-05,4.44101766539085e-05,0.000104497045948504,1.85775678933631e-05,5.85152342733597e-05,5.22508353606455e-06,3.48336778976943e-06,1.56749366571063e-05,3.34391937402145e-05,0.000620617399870182,6.36473875981203e-05,0.000125384782232896,0.000151472662536234,5.22506988542837e-06,5.22505623479219e-06,0.000808899372417127,68,131,74,6.2,36420000
"SMI8-295",2.81291499468761e-05,1.89867772946162e-05,0.000147655753304887,0.000195568854021833,6.18834668570933e-05,5.80735926762888e-05,2.53156101104324e-05,9.96741188208361e-05,6.75106339831366e-06,8.92046936891155e-05,4.85225058173278e-05,0.000113316468205893,1.0313978829668e-05,7.38277716141322e-05,7.17254987083749e-05,1.40647668445126e-06,2.10966191531714e-05,4.97864488391286e-05,0.000527663108079057,7.67132413501681e-05,9.49262359484226e-05,0.000135828378820868,9.49366699209975e-06,4.21943598793995e-06,0.000482064317305131,79,171,78,7.1,0
"SMI6-135",1.24167640318529e-05,2.25050240811875e-05,0.000140608351466565,0.000177756466189338,3.41461047028702e-05,4.32732796609159e-05,2.21167162033353e-05,7.97310604192525e-05,1.11750156477353e-05,0.000131693753010476,3.60846544416038e-05,9.97748913869057e-05,1.03472613373068e-05,5.68015431856583e-05,1.86250737796989e-05,3.10423075600141e-06,1.51329883006923e-05,5.12169467015156e-05,0.0012902731742801,7.87312506542737e-05,8.3803955351236e-05,0.000147084084777926,1.62970804804541e-05,2.32817216372361e-06,0.000445141679150662,92,96,67,5.6,4.048e+09
"SMI6-134",2.88029993578132e-05,4.43094142978939e-05,0.000109001106012974,0.000156485786859895,4.28355832040594e-05,3.51873159116778e-05,8.6390088624988e-05,9.05547116460959e-05,7.9763333331595e-06,0.000136727669404202,3.65575534777562e-05,8.8305984182524e-05,1.92015736064644e-05,5.9150216938475e-05,2.65875686569217e-05,6.64694002616706e-06,2.32636586914303e-05,2.92457945045843e-05,0.00105504860072103,6.16325709865695e-05,0.000112986466423326,0.000127584171939255,4.9852008774387e-06,0,0.00060649969198634,56,63,64,5.9,474800000
"SMI6-128",9.80220522261988e-06,2.05841516434102e-05,0.000127020265884514,0.000156098033048169,3.00601453029348e-05,3.18266026078096e-05,1.76430632174984e-05,6.17491091547961e-05,4.70509079075754e-06,0.000110897529183918,3.23455424739993e-05,9.49383884034649e-05,1.17626301259222e-05,3.17573575681074e-05,1.47032746866671e-05,3.92090745493512e-06,2.94067914996532e-06,3.05818948238556e-05,0.00130614635940707,6.84335138814163e-05,8.23292116896024e-05,0.000116417605289021,4.41100467263311e-06,5.88133235734922e-06,0.000771443105414882,106,113,95,5.9,3.728e+09
"SMI13-291",1.22737316037291e-05,2.34306393589456e-05,0.000194108542758809,0.000222982528943039,5.50449235994233e-05,3.89859098044454e-05,3.17984420297179e-05,5.48103763009511e-05,8.03376502189757e-06,9.27645559785084e-05,3.3473133938422e-05,0.000146795389154519,1.19017410886713e-05,5.45568603997904e-05,1.00422163620273e-05,4.46319980196286e-06,1.17157850980654e-05,3.34731395301713e-05,0.00116556006139801,9.43249338354324e-05,9.53900809168573e-05,0.000150578265537549,1.17158467238809e-05,0,0.000512940230845915,96,97,132,8.5,1205800000
"SMI13-290",1.33401995345839e-05,1.15847354911214e-05,0.00010698681243726,0.000139363999428044,4.91469080632356e-05,2.62660630512279e-05,2.73803155224073e-05,3.81759638439227e-05,1.01103765270949e-05,7.94343971259881e-05,1.21115147238005e-05,0.000107417912619923,6.08499097776161e-06,5.26518497481199e-05,2.00102639940081e-05,7.0211544580534e-06,1.1584812389609e-05,3.91771201140312e-05,0.000532543247777628,4.32741020779392e-05,7.26642882513673e-05,6.94990502050352e-05,5.79248258802956e-06,4.21271249195776e-06,0.000913714637197138,59,445,95,7.6,196360000
"SMI13-289",1.81076560541449e-05,1.76041123856052e-05,0.000102598510035579,0.00016292622056735,4.89571916484355e-05,3.62127781023958e-05,6.56273931796125e-05,5.01718779475357e-05,1.08646198628826e-05,0.000123295000630241,1.73532908434026e-05,0.000118126201218427,6.03589749470501e-06,7.15154906378856e-05,1.50897432320551e-05,4.02395662568722e-06,2.18796318400827e-05,5.13031927391605e-05,0.000609254681901206,4.3895864882737e-05,7.69503832300789e-05,9.11206058098468e-05,6.03592734860214e-06,1.50898411410694e-06,0.000607149571671295,68,55,100,9.4,82020000
"SMI13-288",4.54824551443522e-06,9.66481179243139e-06,0.000145294814037245,0.000175768547192146,5.53357523136455e-05,3.4108886832751e-05,5.6274459679706e-05,5.20186861352467e-05,8.18674511493533e-06,0.000114020099595713,3.24058512601866e-05,0.000119872548490774,5.30627551564855e-06,8.18501696080443e-05,1.02335000455867e-05,5.68528297439919e-06,1.53500915316407e-05,5.3212039554662e-05,0.000903885369831547,4.58945410710676e-05,9.89114286007453e-05,0.000110490501213922,4.26398247266313e-06,0,0.000591904437717616,82,80,232,8,530400000
"SMI13-287",1.87859116207445e-05,9.39285052869998e-06,9.91803363297183e-05,0.000151622967393239,4.34157997388773e-05,6.27594885473926e-05,8.92075144824922e-05,6.01125903993971e-05,1.20230173163982e-05,9.33834897045571e-05,2.06646238307684e-05,9.66113609690566e-05,2.00381225370361e-05,7.02465059450041e-05,5.63578724932512e-06,6.2620160261595e-06,3.00559017252233e-05,6.83775708989476e-05,0.000774833331300462,4.0986415124955e-05,6.38679893643079e-05,7.81354989911609e-05,3.75721620349267e-06,1.87860633715786e-06,0.000607527877491076,70,249,105,8.3,160980000
"SMI13-286",7.91632633112549e-06,1.10826518235907e-05,0.000123476168503389,0.000137285458744918,4.22196272678033e-05,1.89984944178878e-05,4.51181565606085e-05,2.84982999216865e-05,1.13994142623142e-05,9.36333758045915e-05,2.96861069499776e-05,0.000118737005931013,7.38857129789494e-06,5.84165961703409e-05,4.74979279041499e-06,0,1.18743325188131e-05,4.27469214996368e-05,0.000493216192548607,5.09500503729221e-05,8.07394172204212e-05,8.16843233997222e-05,4.74980407072501e-06,0,0.000757455428408216,84,113,119,7.8,237600000
"SMI6-136",1.74488339170775e-05,2.61727439794246e-05,0.000102589852456703,0.000143702806772339,4.42027159370806e-05,4.92646758440962e-05,9.94291687161919e-05,0.000120380555713284,8.37541981901779e-06,0.000143545069707818,3.40245655752192e-05,8.52466195979673e-05,2.55911719646562e-05,6.80423120118512e-05,1.57040245070128e-05,6.97951164463362e-06,1.8321130161425e-05,4.18766607503951e-05,0.000775575060323108,5.71019835686748e-05,0.00014131770215231,0.000156987806165354,5.2346839691797e-06,0,0.000785954074074668,49,422,86,5.5,1.608e+09
"SLI13-34",1.62190849990473e-05,9.91162963148717e-06,0.000139465838729036,0.000197029784303027,6.36739055406288e-05,2.79849923041642e-05,5.94609798612034e-05,6.2844594305167e-05,1.08126577313961e-05,8.1864773092688e-05,2.83830696359288e-05,0.000124340917139865,1.56183027315571e-05,8.00047567544038e-05,5.40635517065624e-06,5.40638439949781e-06,9.46108958088665e-06,6.37904534417366e-05,0.00141103767914919,5.89768008516511e-05,0.000124327759869702,0.000186976249860304,6.75794122351192e-06,0,0.000475502718350285,35,585,121,5.8,2.72e+09
"SMI13-285",3.79935600913761e-06,1.20310741016372e-05,0.000126121010581626,0.000172994391839598,4.89680750352939e-05,3.75422595824126e-05,4.46368212547732e-05,5.08138176629203e-05,7.59868026145583e-06,0.000109631510995856,1.61471389907852e-05,0.000133512847978468,1.26643003044435e-05,5.69830843200059e-05,1.89966934369679e-05,5.06580159664871e-06,1.42473491182571e-05,4.86293656520864e-05,0.000396546902490913,4.35178421831495e-05,8.73757927692953e-05,9.19256103713018e-05,8.54850636278215e-06,0,0.00074704509344059,77,1820,183,6.5,129680000
"SLI13-29",1.40389445533184e-05,1.79382662381933e-05,0.000187147333262194,0.000244538582718556,6.65535409292151e-05,4.3489731331503e-05,5.84864858341749e-05,5.08893161643709e-05,1.8718476919144e-05,0.000133694540340068,3.50969279827584e-05,0.000120327087073768,1.66383349342603e-05,9.96568671549625e-05,1.63787050793118e-05,9.3593085348509e-06,1.05291132939112e-05,5.61527771285597e-05,0.000955175332761238,7.14692259675687e-05,0.000128669674919646,0.000169334636396457,3.50971401119615e-06,0,0.000498780389435627,28,155,114,5.4,4.552e+09
"SLI13-31",1.33536023225744e-05,2.06978365053789e-05,0.000139396797222524,0.000216265571093999,5.51947262181773e-05,5.04256876305842e-05,4.50631133452895e-05,9.91394026548242e-05,1.28194522381886e-05,0.000105294955457191,4.70705904511703e-05,0.000129903714600088,1.51338835561177e-05,9.89254081777968e-05,3.00456794553039e-05,1.73597691468519e-05,2.60394537860975e-05,5.92860955601626e-05,0.0011842872741159,5.75410942635912e-05,0.000126177445476827,0.000166587622857817,1.10167620046564e-05,8.01221060919843e-06,0.000388402458621595,39,659,201,5.3,4.578e+09
"SLI13-32",2.08255056981521e-05,2.86347688052135e-05,0.000133263856696875,0.000203943057330402,6.01622053109097e-05,3.85859341323069e-05,7.28770984894656e-05,7.02825077250058e-05,1.24953706417408e-05,0.000105612811300837,5.33645043538922e-05,0.000130152162699293,2.54531034071803e-05,9.99472040092986e-05,1.82223773457224e-05,5.20645774315653e-06,1.17144325084695e-05,5.31041593114789e-05,0.000999083607349238,7.76196044600663e-05,0.000119733469358563,0.000166544622412168,5.2064758147008e-06,5.2064758147008e-06,0.00045437781547486,34,111,106,5.3,1583600000
"SLI13-35",1.87109468972046e-05,1.67412613523155e-05,0.000144154405040009,0.000212655861296041,6.69648495625896e-05,3.33657348594585e-05,6.20335362857549e-05,4.985321925699e-05,2.95434171369013e-05,0.00011732482765936,2.95433979489168e-05,0.000125765492851926,1.96956587485975e-05,7.23745623365524e-05,1.18175459544734e-05,1.87107839773049e-05,9.60172744823851e-06,4.4314402253498e-05,0.00128864196414935,7.03625874118874e-05,0.000112248366043177,0.000165975774909288,1.25561095727367e-05,0,0.00054074255900094,27,541,176,5.7,1977400000
"SMI6-129",1.44388346965396e-05,8.42265719258606e-06,0.000121274264701654,0.000169957621229067,4.81295185150721e-05,3.14243678569692e-05,3.42898542298187e-05,6.04561783761337e-05,5.77560615022676e-06,0.00011343090492022,2.88777128412132e-05,8.5600916475137e-05,3.20866596514868e-06,5.91936029252782e-05,7.21956502136578e-06,2.40651588256924e-06,1.08292888962858e-05,3.176537104288e-05,0.00142277977543448,6.56257798488102e-05,6.8581561693648e-05,0.000206379261982859,5.41464281900161e-06,0,0.000657396456170245,77,353,137,6.2,2.06e+09
"SLI13-30",3.64713547920115e-05,2.73532464241111e-05,0.000138359038478475,0.000210268667034663,4.29074564620713e-05,9.99310179010671e-05,7.32009900366037e-05,9.89477793489346e-05,2.31697373638262e-05,9.10216510670026e-05,3.29851470934894e-05,9.4239560603393e-05,3.50404416258332e-05,9.33063445485161e-05,4.02252990483465e-05,9.65424397936232e-06,2.49397530596163e-05,6.04962869539261e-05,0.000756035892805595,5.2073518138851e-05,0.000117445615483769,0.000111970907302972,1.44811057867233e-05,6.4361764609e-06,0.000364023663695923,30,913,171,5.4,3.18e+09
"SLI6-27",1.83130298565537e-05,1.76590001343957e-05,0.000190675721498668,0.000232518577872431,6.62752632674124e-05,5.21657013596855e-05,7.25838960136116e-05,5.68994298280057e-05,2.66845351630796e-05,7.62401625349352e-05,4.21851097776038e-05,0.000137902473192009,3.31373837243465e-05,8.43589508385811e-05,1.37349488438243e-05,9.15655000377491e-06,2.4526074343223e-05,5.17985046581959e-05,0.00103641441442881,7.41999929279036e-05,0.000151056045480491,0.000202411164881955,1.07916702407618e-05,3.9242694482855e-06,0.000438591104760855,36,657,127,4.9,4.77e+09
"SLI6-28",1.05745938203672e-05,1.63901910792408e-05,0.000135126021931109,0.000228909921143883,4.15932164024024e-05,8.06014209155936e-05,7.61285121830824e-05,0.000137548497185724,1.7765117419799e-05,9.33533552871513e-05,3.17231156214959e-05,0.000134140498297963,3.45427909620444e-05,6.94680057478081e-05,1.42757401526694e-05,9.5171777130254e-06,2.14133847449283e-05,5.07571742063284e-05,0.0012400547890612,7.09440107173887e-05,0.000144321545385351,0.000142088950121577,2.4585613789041e-05,3.17240263503216e-06,0.000397401123495733,31,434,136,5.7,4.17e+10
"SLI13-33",1.52862331885828e-05,7.64306635625545e-06,0.000159564539897072,0.000211716207502155,8.15249310941457e-05,5.5026178934714e-05,4.58544382155868e-05,9.28425478821104e-05,1.65090090313846e-05,0.000111365513182582,5.04440326030142e-05,0.000117261726700013,8.15263049158688e-06,8.84922643271668e-05,1.60504731723243e-05,6.11450168741534e-06,1.71966870452511e-05,5.41099684017166e-05,0.00058933290306884,6.08652509397345e-05,0.000110046123527052,0.000160455043668239,1.71966660149625e-05,4.58586224549862e-06,0.000570565828200698,25,2744,172,4,6.506e+09
"SLI6-23",4.42968174336755e-05,2.46091062245934e-05,0.000139201410079393,0.00022446430483658,5.34369725300188e-05,0.000107932692147594,0.00010861119676342,0.000140234172678833,3.03745655343413e-05,7.23205032673313e-05,2.58400225749966e-05,0.000105766604869384,6.14039756028362e-05,0.000101015156812823,2.32033889240313e-05,1.12501214011296e-05,2.84764740901e-05,5.35771332388357e-05,0.000734457177990366,7.40181308755972e-05,0.000132873037541614,0.000165751098528011,1.74023366046328e-05,7.38293212254604e-06,0.000299072774415876,46,6983,229,4.5,5.67e+10
"SLI6-25",5.27981676894385e-05,2.7788859892075e-05,0.000167823254491051,0.000214402092444166,4.94026299990846e-05,0.000104604106987871,7.50225350165667e-05,9.10019075222035e-05,2.44543151020071e-05,7.54255630006639e-05,2.63995925111615e-05,0.000109166166753827,4.69307914561234e-05,8.44594284616917e-05,4.58520649648797e-05,1.57471146404742e-05,3.26515117397008e-05,5.83550878692218e-05,0.000999376969304855,7.67947694708671e-05,0.000184761362950647,0.000198897503211226,1.31998404142575e-05,4.16841605055396e-06,0.000313896342476028,31,4667,374,4.6,1.04e+10
"SLI6-22",6.16045493375683e-05,1.17609441767641e-05,0.000175364154173741,0.000217749516052912,5.60040360384484e-05,8.49771278890188e-05,0.000164599681832467,0.000172958242718568,4.16668889580141e-05,0.000188115232059083,5.54444418974231e-05,0.00014064086449106,2.31476207550596e-05,0.000103141862505929,3.36024102731702e-05,2.12820664686753e-05,6.04835154811578e-05,5.64512373799619e-05,0.000450520269867027,9.22486250132248e-05,0.000263695053908108,8.19843401929088e-05,4.36807975756626e-05,1.51212345018692e-05,0.000349364793959195,35,1559,132,4.8,3.27e+10
"SLI6-24",4.70293970955549e-05,2.47855385129281e-05,0.000154032398465231,0.000208290572114356,4.32164137726954e-05,9.23913441499558e-05,0.000264846195346724,0.000150568705371334,2.74542465636962e-05,0.00011656198176313,4.76642624862578e-05,0.000151973590625021,3.3046480872212e-05,0.000112843191847567,3.62258286090711e-05,1.27106665923638e-05,7.81662855142695e-05,7.092371313977e-05,0.000685933887798029,9.15110885713055e-05,0.000285879206281869,7.93102873630769e-05,5.91006104457836e-05,1.14397496986385e-05,0.000217947138917429,24,703,275,5.3,2.38e+10
"SLI6-26",4.17027138328585e-05,1.89561457215603e-05,0.000121308192864822,0.000200863859358691,5.56042412487301e-05,9.67785944876454e-05,2.55904482842073e-05,0.000109926187047416,5.00420281397407e-05,8.88207093465709e-05,3.601600534342e-05,7.96137660523666e-05,2.02198657732744e-05,0.000114839351364804,7.7718429467577e-05,2.02200701924227e-05,3.22252475946083e-05,8.643123478147e-05,0.000988263528928224,7.09986598541601e-05,0.000176257344170594,0.000107652362065336,1.42169929613356e-05,1.89564295949296e-06,0.000395326023788334,36,10794,480,4,1.08e+10
